{
  "market": "fg_spread",
  "model_type": "linear",
  "target_mode": "residual",
  "feature_names": [
    "fg_spread",
    "net_diff",
    "barthag_diff",
    "efg_diff",
    "tor_diff",
    "orb_diff",
    "ftr_diff",
    "rank_diff",
    "wab_diff"
  ],
  "weights": [
    0.31621733485218995,
    2.9015330037593694,
    -0.25711915957547415,
    0.020506779054546787,
    -3.149110324658542,
    -3.168233470158488,
    -0.11572942373871375,
    -2.425508022837337,
    0.0
  ],
  "intercept": 0.7902635431918009,
  "means": [
    -7.509882869692533,
    5.2117251601798635,
    0.09910059997605458,
    0.08166602772889031,
    -0.052676940426256556,
    -0.0024045408838972216,
    -0.03697446882300319,
    39.397510980966324,
    0.0
  ],
  "stds": [
    12.032581944203296,
    15.616164017006266,
    0.28536437607220927,
    0.22838767606644148,
    0.9900661904685619,
    3.871113602602268,
    0.08933269411864869,
    113.14969273482954,
    1.0
  ],
  "metadata": {
    "min_edge": 5.0,
    "roi": 10.64,
    "total_bets": 107,
    "win_rate": 57.94,
    "mae": 8.627956965715942,
    "log_loss": null,
    "sigma": 11.0,
    "saved_at": "2026-01-15T23:21:34.275372"
  }
}
