{
  "market": "h1_spread",
  "model_type": "linear",
  "target_mode": "residual",
  "feature_names": [
    "h1_spread",
    "net_diff",
    "barthag_diff"
  ],
  "weights": [
    -0.012305699815605475,
    1.57725071470927,
    -1.7822206492159949
  ],
  "intercept": -0.24811746987951822,
  "means": [
    -4.30835843373494,
    5.152575296720154,
    0.09744689827212583
  ],
  "stds": [
    6.9594878259277175,
    15.607880839291877,
    0.2844332127476642
  ],
  "metadata": {
    "min_edge": 1.5,
    "roi": 2.24,
    "total_bets": 104,
    "win_rate": 54.81,
    "mae": 7.221475703654918,
    "log_loss": null,
    "sigma": 11.0,
    "saved_at": "2026-01-15T23:21:34.450886"
  }
}
