{
  "market": "h1_total",
  "model_type": "linear",
  "target_mode": "residual",
  "feature_names": [
    "h1_total",
    "tempo_avg",
    "home_eff",
    "away_eff"
  ],
  "weights": [
    -0.39863631016104395,
    0.5000570852133147,
    -0.4348940441683893,
    -0.4798855640333443
  ],
  "intercept": 0.5762820512820512,
  "means": [
    70.25705128205128,
    67.38049519561801,
    213.16097203992786,
    207.018072919326
  ],
  "stds": [
    5.056882998847889,
    1.8021880514637791,
    9.221431767049525,
    8.91015801145426
  ],
  "metadata": {
    "min_edge": 2.0,
    "roi": -4.89,
    "total_bets": 558,
    "win_rate": 50.82,
    "mae": 7.761205751555992,
    "log_loss": null,
    "sigma": 8.0,
    "saved_at": "2026-01-17T18:11:18.462866+00:00"
  }
}
